Chic Boutique,+98896494440,Trinidad and Tobago,26202₽,departure
Body Bliss,+48497494069,Barbados,38764₽,contribution
Skin Studio,+7469137302,Cape Verde,36738₽,pie
Glamour Galore,+37688897493,Nepal,40523₽,awareness
Posh Patterns,+28780233364,Macedonia,10725₽,dealer
Trendy Threads,+18374696315,Suriname,71914₽,agreement
Skin Studio,+11756043309,Albania,23030₽,affair
Sleek Styles,+32420737042,Tajikistan,91398₽,assumption
Posh Patterns,+9144962391,Italy,43899₽,woman
Nail Nook,+62627796965,Iceland,80044₽,employment
Glow Getter,+50162014250,Mauritania,62989₽,dealer
Urban Upmarket,+69499334641,Georgia,58837₽,definition
Beauty Bar,+24502980906,Montenegro,21641₽,death
Posh Patterns,+67232066316,Iraq,66762₽,development
Crisp Creations,+65699206681,Lesotho,88346₽,republic
Brow Boosters,+83504453210,Haiti,95439₽,administration
Urban Upmarket,+36611895297,The Bahamas,40371₽,proposal
Elegant Ensembles,+25450893003,Saint Lucia,69090₽,height
Skin Studio,+9517958987,Armenia,58498₽,computer
Clipper Cuts,+39114138098,Sweden,54774₽,departure
Smart Styles,+30702026017,Spain,73186₽,description
Sleek Styles,+51851719152,France,91515₽,family
Stylish Silhouettes,+24515415785,Fiji,30441₽,selection
Brow Boosters,+47213326151,Ireland,50812₽,awareness
Haute Hues,+88352027200,Nigeria,18210₽,definition
Posh Patterns,+35583376847,Brazil,77644₽,republic
Beauty Bar,+29585665431,Guatemala,27555₽,passenger
Body Bliss,+95798484953,Liberia,87385₽,data
Sophisticated Sewing,+56549486813,Belize,50560₽,administration
Haute Hues,+89203761915,Kiribati,66209₽,buyer
Lash Lounge,+14341726196,Togo,26319₽,community
Fashion Fusion,+19676852620,Brazil,32979₽,development
Trendsetting Tailors,+60312642406,Hungary,52665₽,employee
Sleek Styles,+88137382414,Tunisia,74034₽,marriage
Fashion Fusion,+77367453869,Morocco,13573₽,advice
Glow Getter,+96465778033,Bhutan,51762₽,mixture
Classy Chic,+85869660310,"Micronesia, Federated States of",29686₽,map
Nail Nook,+43184534852,Monaco,91768₽,hat
Makeup Maven,+15619427452,"Korea, South",92759₽,definition
Elite Elegance,+78132528981,Swaziland,12758₽,fishing
Refined Rags,+24816331560,Moldova,56716₽,hat
Sleek Styles,+51453113492,Tunisia,27028₽,selection
Elite Elegance,+4226052889,Palau,60156₽,county
Nail Nook,+55264329167,Netherlands,39119₽,steak
Crisp Creations,+4287250796,Lebanon,55336₽,fishing
Chic Couture,+22518795194,Guinea-Bissau,77126₽,distribution
Nail Nook,+99894956769,Solomon Islands,41232₽,entry
Elegant Ensembles,+10228492195,Malaysia,97119₽,woman
Clipper Cuts,+38287441143,Azerbaijan,47472₽,assumption
Beauty Bar,+60729963272,South Sudan,90334₽,cookie
Fine Fabrics,+12297327635,Guatemala,16289₽,thanks
Skin Studio,+74751970827,Mali,35782₽,midnight
Urban Upmarket,+43906939597,Vietnam,48141₽,truth
Fashion Fusion,+2644115563,New Zealand,38666₽,distribution
Body Bliss,+62101147902,"Congo, Republic of the",77292₽,community
Beauty Bar,+34170171119,Mauritania,95667₽,cookie
Nail Nook,+31389794190,Spain,57965₽,truth
Posh Patterns,+21786807991,India,62693₽,administration
Elite Elegance,+7461083383,Rwanda,59006₽,preparation
Chic Boutique,+59503722872,Kyrgyzstan,83706₽,cookie
Wellness World,+72230758750,Albania,24974₽,sample
Chic Couture,+0679301067,Oman,21568₽,preparation
Sleek Styles,+78884309351,Liberia,62926₽,elevator
Fashion Forward,+8206000439,Vanuatu,35919₽,revolution
Chic Boutique,+70779355287,"Micronesia, Federated States of",27180₽,signature
Chic Boutique,+74682592214,Mexico,64232₽,emphasis
Modern Maven,+2870955137,Central African Republic,70815₽,enthusiasm
Glow Getter,+1887844282,Vatican City (Holy See),89383₽,cookie
Haute Hues,+50718228537,Niger,35987₽,drawer
Fashion Forward,+30882094996,United Arab Emirates,85931₽,library
Makeup Maven,+33304292289,South Africa,54858₽,employee
Fine Fabrics,+7726171969,Philippines,80878₽,distribution
Smart Styles,+10228212451,Cyprus,56745₽,buyer
Crisp Creations,+77680423742,Hungary,95648₽,indication
Sleek Styles,+72547883707,Guinea,57377₽,revenue
Nail Nook,+79819784227,Tunisia,22194₽,development
Glow Getter,+75373662744,Kazakhstan,93451₽,revenue
Trendsetting Tailors,+88848990924,Malawi,24698₽,hair
Nail Nook,+96677747270,"Congo, Democratic Republic of the",91080₽,classroom
Glamour Galore,+6895957601,Turkey,65266₽,advertising
Skin Studio,+2465802235,Venezuela,20848₽,context
Urban Upmarket,+39221874732,Lesotho,12289₽,stranger
Clipper Cuts,+31533760344,Myanmar (Burma),24406₽,contribution
Glamour Galore,+98750138749,Saint Lucia,36042₽,dad
Modish Mannequins,+66877632291,United Kingdom,38755₽,refrigerator
Urban Upmarket,+2757946260,Germany,27237₽,administration
Skin Studio,+0906236636,Saudi Arabia,75856₽,sample
Sleek Styles,+811008182,Djibouti,48983₽,steak
Beauty Bar,+99120424742,Vatican City (Holy See),20914₽,selection
Classy Collections,+86393444343,Afghanistan,84551₽,marriage
Haute Hues,+12712772300,Brunei,28397₽,emphasis
Fashion Forward,+3876107803,Switzerland,94570₽,explanation
Nail Nook,+57658317571,Spain,12636₽,indication
Fashion Forward,+67491694569,Nepal,73725₽,dealer
Elite Elegance,+65793224520,Gabon,79742₽,advertising
Fine Fabrics,+63802673916,Czech Republic,61220₽,height
Skin Studio,+60778202646,Solomon Islands,30128₽,hat
